{
  "mean_accuracy": 0.8332067306575489,
  "std_accuracy": 0.0029051844824623738,
  "mean_f1": 0.8331539604556127,
  "std_f1": 0.0029044527872326424,
  "timestamp": "20250920_183750",
  "dataset": "arcaico_moderno"
}