{
  "mean_accuracy": 0.8308353432491131,
  "std_accuracy": 0.005027419066468454,
  "mean_f1": 0.8307710635694265,
  "std_f1": 0.0050568626104697135,
  "timestamp": "20250920_183800",
  "dataset": "literal_dinamico"
}