{
  "mean_accuracy": 0.8152414925382487,
  "std_accuracy": 0.007262232321497595,
  "mean_f1": 0.8151752983371218,
  "std_f1": 0.007273498837457295,
  "timestamp": "20250920_183755",
  "dataset": "complexo_simples"
}