{
  "mean_accuracy": 0.825354574739932,
  "std_accuracy": 0.004347338664780611,
  "mean_f1": 0.8253493780445943,
  "std_f1": 0.0043435418353153605,
  "timestamp": "20250920_183736",
  "dataset": "complexo_simples"
}