{
  "mean_accuracy": 0.8264558976910411,
  "std_accuracy": 0.003570309447925394,
  "mean_f1": 0.826449152858024,
  "std_f1": 0.0035661934937717124,
  "timestamp": "20250920_183731",
  "dataset": "arcaico_moderno"
}