{
  "mean_accuracy": 0.7895564186865608,
  "std_accuracy": 0.004125217381599153,
  "mean_f1": 0.7895064479028578,
  "std_f1": 0.004093275840017694,
  "timestamp": "20250920_184657",
  "dataset": "arcaico_moderno"
}