{
  "mean_accuracy": 0.7630005769591434,
  "std_accuracy": 0.006169541785758639,
  "mean_f1": 0.7629811077034337,
  "std_f1": 0.00615899074675132,
  "timestamp": "20250920_185536",
  "dataset": "complexo_simples"
}