{
  "mean_accuracy": 0.7870901704139226,
  "std_accuracy": 0.0033781377309968458,
  "mean_f1": 0.7870183155921884,
  "std_f1": 0.0033816784329808486,
  "timestamp": "20250920_190316",
  "dataset": "literal_dinamico"
}